,y_true,y_proba,y_pred
437,0,0.058544725698504815,0
2280,0,0.6617152695242607,1
2235,0,0.0630659288410183,0
4460,0,0.5222535121995936,1
3761,0,0.014707155082110105,0
5748,0,0.5119515118115396,1
3568,0,0.52060235284468,1
2976,0,0.10842374010307484,0
5928,0,0.002179803247454862,0
1639,1,0.3830678369317117,0
2079,0,0.2968497896009218,0
1280,0,0.08668311700220149,0
667,0,0.1151104887779032,0
3524,1,0.6053505074455537,1
5283,0,0.13673972446670463,0
485,0,0.02966720584418108,0
6121,0,0.026928938771622574,0
2136,0,0.6144997588041294,1
6501,0,0.12995664725478187,0
5356,0,0.10074670087876834,0
6529,1,0.6852965932394903,1
1242,0,0.31657824391674644,0
1615,0,0.01666643658525569,0
5082,0,0.03344779808891113,0
5389,0,0.16410147176399678,0
3985,0,0.3143843841724014,0
761,1,0.49554223126604574,0
6125,1,0.5971600046660743,1
6053,0,0.013185145005678082,0
5547,1,0.7342296924927962,1
1838,0,0.42170324555006755,0
6979,0,0.3659043512401042,0
4345,0,0.005157026840904723,0
3553,0,0.002923298709093779,0
346,1,0.7420861165649777,1
3624,0,0.2326335398753023,0
950,1,0.33073065031000604,0
3707,0,0.0015778034309435337,0
6633,1,0.7305907803763292,1
2488,1,0.2450900428181694,0
4852,0,0.002278072990305471,0
2519,0,0.7551621809698984,1
5400,0,0.3543240146193537,0
1520,0,0.25494812058054367,0
3712,0,0.062266893760624324,0
880,1,0.7289203681376277,1
3510,0,0.6800309340997911,1
6114,0,0.46499565491607403,0
3283,0,0.005022203271224667,0
523,1,0.34727044715373395,0
1035,0,0.002629646679878167,0
2246,1,0.7200824701987175,1
6140,0,0.17819615426712967,0
4030,0,0.3046644208144504,0
2255,0,0.24952658196766075,0
6304,1,0.5738888665377326,1
5965,0,0.06159811954160434,0
5614,0,0.07325045561813205,0
5601,0,0.06296415023248118,0
2466,0,0.002516224010320197,0
4914,0,0.0069502932848312165,0
5086,1,0.03200495565791489,0
888,0,0.12589573273696503,0
123,0,0.21100587085648836,0
3408,1,0.2554874494367239,0
3362,1,0.5038076102818679,1
7011,1,0.3825367086798372,0
3158,1,0.2562545351575199,0
5968,1,0.1309894031133247,0
5300,1,0.5973227090864696,1
4761,0,0.001517987000250388,0
4441,0,0.011337029038622192,0
290,1,0.6035144238620131,1
4120,0,0.15858928252720378,0
3704,0,0.024568030015266622,0
1718,0,0.047000670014818384,0
5202,0,0.07695512399471902,0
1472,1,0.4711731210621802,0
3217,0,0.25987632519241965,0
4530,0,0.002211358499984374,0
3211,0,0.04512401071583586,0
1016,0,0.015789574537493745,0
1577,1,0.23139190283620054,0
642,1,0.7540933734799963,1
4770,0,0.06434922651303102,0
3856,0,0.4498092317929052,0
6314,0,0.5963398113277264,1
3185,1,0.4654093053291125,0
4594,1,0.5918663638789899,1
6478,0,0.0842747195417971,0
3975,1,0.5387623730231632,1
1461,0,0.41628764482697095,0
2268,0,0.01159304462872183,0
1999,1,0.5668570204988488,1
2361,1,0.2438066706365193,0
4728,0,0.023198833421814426,0
6481,0,0.4199194246635882,0
6942,0,0.00371448012730124,0
1334,1,0.6708887631919647,1
5150,0,0.1852254805820316,0
2448,1,0.7361758569868221,1
2231,1,0.6665942253791047,1
203,0,0.4775903731716527,0
1644,1,0.4687150685427709,0
1014,1,0.2225031764203692,0
6614,0,0.001337793763302471,0
5710,0,0.10401789604665651,0
1153,0,0.04823606671876361,0
6332,0,0.05350656267425372,0
3604,0,0.049097812413738874,0
1076,0,0.009198257493793065,0
3978,0,0.551655825779795,1
3166,0,0.20227393334453808,0
6133,0,0.5015179949499651,1
185,1,0.6322303370412633,1
4686,0,0.07193920519404912,0
3516,1,0.4741216212556185,0
1175,0,0.5321725726866401,1
1606,0,0.053413804424307695,0
1653,0,0.0035515152711358936,0
2180,0,0.057401338356109145,0
1807,1,0.6405532398914969,1
2292,0,0.016056578831473666,0
1560,0,0.056554894958161114,0
5393,1,0.726066225438501,1
6208,0,0.021745515312416218,0
1987,1,0.4185288050422818,0
5205,0,0.2900673060724704,0
3792,1,0.6260154137910906,1
4193,0,0.1298642812315343,0
6388,1,0.19300196723475474,0
5207,1,0.3415496840725016,0
675,0,0.14081056653904844,0
300,0,0.12634553430441306,0
5093,0,0.024645094979885287,0
6191,0,0.1417474261316379,0
2259,0,0.03448486307722676,0
4802,0,0.12641014079004018,0
4231,0,0.010047880592309858,0
402,1,0.18678611968338654,0
1036,0,0.06523029174694063,0
7002,0,0.07299024286569024,0
747,0,0.5677449515060725,1
2373,0,0.015450095706494483,0
3719,0,0.027787962755841274,0
2743,0,0.11309745119223301,0
2755,0,0.042921216777937365,0
110,1,0.39488868360062773,0
1801,0,0.45541796126935696,0
1184,0,0.4794632255077504,0
2681,0,0.02282151976908339,0
4079,0,0.5600707227663186,1
6239,0,0.08364509836282269,0
3236,0,0.27502681404480905,0
5098,1,0.7642912402946367,1
2383,0,0.3595105330746917,0
4782,0,0.5199275420393956,1
180,1,0.4166855920234045,0
3044,1,0.3870616387623558,0
2521,1,0.4275743965925817,0
4855,0,0.06878330484471204,0
2143,0,0.06706528113704896,0
4201,0,0.0013339237181826894,0
1855,0,0.007485784707937964,0
3182,0,0.09625208034000864,0
3721,1,0.18587182892986334,0
6571,0,0.05164626760879902,0
3240,1,0.1306807221073937,0
3359,0,0.1281157175219372,0
4152,0,0.011479069565186368,0
4571,0,0.4751876849886824,0
2194,1,0.7430033294885239,1
1792,0,0.12213415488919162,0
2526,1,0.19753290024543313,0
195,0,0.6421874907435214,1
558,0,0.553742576845881,1
5671,0,0.0031829663869001375,0
2649,0,0.0026126131464445836,0
2590,0,0.41622930018013415,0
4046,0,0.10097284850813558,0
1543,1,0.6035957054674271,1
5034,0,0.0365306902351661,0
4154,1,0.7039100925181583,1
223,1,0.28362930206503345,0
2338,0,0.0013396015374685052,0
6919,0,0.18886896293268732,0
342,0,0.05063085075625004,0
7001,1,0.3812722133587563,0
907,0,0.14339699029922218,0
6070,0,0.017581244042763636,0
2923,0,0.19389735511166417,0
7016,0,0.39067017462650305,0
2686,1,0.6560468149072053,1
6492,0,0.017388766633752082,0
2931,0,0.44878311301227714,0
3464,0,0.41831904054532426,0
6455,0,0.15170660614620785,0
5619,0,0.3794299062935261,0
2850,0,0.4262185363392344,0
2102,0,0.4376092627621156,0
4436,0,0.30022090543619695,0
3234,0,0.013109158366502942,0
3944,0,0.0566784275162674,0
3670,0,0.04176779582848609,0
5595,0,0.18559342790841332,0
5080,0,0.08456567734260649,0
4923,0,0.07285177826879767,0
3207,0,0.21870561969912072,0
3376,0,0.2275119600469092,0
5730,0,0.0034040598249601285,0
4140,1,0.08765978404469749,0
4161,0,0.3381333933781677,0
3831,1,0.4488620219851594,0
1347,0,0.032430921308771704,0
9,0,0.014338184244900467,0
5013,0,0.34913191390809956,0
1092,0,0.007240894451023281,0
4461,0,0.5679405002148423,1
5381,1,0.5054984699611434,1
3799,1,0.12283989215117623,0
4696,0,0.06853518027699126,0
2914,0,0.09226164916552293,0
4537,0,0.4141438911600781,0
1554,0,0.07044363065875679,0
5250,0,0.597960429464893,1
1380,0,0.11964121676213052,0
4224,0,0.001829791935465321,0
4552,0,0.18782177380662182,0
5133,1,0.6844911797322467,1
352,0,0.7464815744934002,1
1444,0,0.16362091025767858,0
3918,1,0.5768750372014219,1
4755,0,0.4326008637424518,0
2646,0,0.024334074891919317,0
2275,1,0.6933202459734917,1
3755,1,0.7194179212370815,1
6853,1,0.352748100889352,0
150,0,0.4083510327319924,0
3174,0,0.05026141499824487,0
4867,0,0.4654784423484475,0
3043,1,0.6685900339576822,1
3172,1,0.5522420267461002,1
4379,0,0.04618346391416532,0
4533,0,0.06117069314694463,0
3357,1,0.34637253408930085,0
2543,1,0.4897811248654271,0
5360,1,0.6795667151892666,1
6268,0,0.03787082914881278,0
993,0,0.024461417046119333,0
4070,0,0.3464581295792382,0
1766,0,0.03834956214905014,0
4022,0,0.13295645353722946,0
1448,0,0.1176387334530861,0
6720,0,0.02205920011559555,0
5509,1,0.2143029906371346,0
6731,0,0.024103537218036233,0
3736,0,0.1042841462098608,0
5797,0,0.5195311841814956,1
5669,0,0.2624295232118544,0
2860,0,0.2725450630830709,0
3824,0,0.38210119192561626,0
2967,0,0.09666361864840199,0
714,0,0.001989258182390833,0
4676,0,0.16140331133518693,0
2911,1,0.5278464543997959,1
4653,1,0.16312227645534078,0
492,1,0.7287281088521999,1
1321,0,0.02901997618559044,0
3669,0,0.5314483079948871,1
5652,0,0.49457308358450086,0
6777,0,0.6263740182521544,1
4147,0,0.0025760043848084527,0
3848,0,0.28750525580790215,0
6149,0,0.24740201609797632,0
3897,0,0.08967273056293593,0
5809,0,0.6188615730861938,1
2367,1,0.6378092908422665,1
2219,0,0.5648537520222467,1
2397,1,0.7527863014916969,1
519,0,0.12011157781102652,0
3505,0,0.5426117576872235,1
5012,0,0.12366319679660293,0
685,0,0.49647852511046636,0
3812,0,0.0731788758349153,0
4986,0,0.5403874946010745,1
2294,1,0.7139768153062171,1
5006,1,0.28243216305299557,0
3665,0,0.08228728100602851,0
2155,1,0.5416161364020521,1
5487,0,0.029107428036606556,0
4817,0,0.19254576146460015,0
1219,0,0.057251820057059276,0
4206,0,0.05735053004320608,0
5067,0,0.10969108155501806,0
4317,0,0.09982235319787704,0
2486,0,0.32034431646357725,0
895,0,0.4358890760772702,0
580,1,0.10167949101381371,0
686,0,0.016795073040037335,0
6523,0,0.1716743894584223,0
3466,0,0.0022546471980946165,0
5715,1,0.4727969881413249,0
2902,0,0.7346967788521017,1
3317,0,0.02296297431942611,0
6179,1,0.6351081689505261,1
6057,0,0.24869941352529984,0
1343,0,0.027967234818779635,0
4018,0,0.17551296391828758,0
2674,0,0.20162284212510193,0
1316,0,0.22255929981089007,0
302,0,0.7371402247735886,1
6015,0,0.7172190916225119,1
1584,0,0.02478256132575666,0
3970,0,0.03445020645706862,0
4160,0,0.08540165078170357,0
3898,0,0.011596936548116537,0
5484,0,0.07028095632136352,0
6457,0,0.12758382402933766,0
1890,1,0.3113483423889529,0
3145,1,0.6139911845112016,1
2699,0,0.5798215885803607,1
6308,0,0.6239870569100671,1
3216,1,0.25399721205608955,0
2849,0,0.1243691413973679,0
7033,0,0.3042807806974915,0
1552,0,0.029015498187179377,0
3694,1,0.05281102674306064,0
4253,0,0.5554813423757303,1
894,0,0.09041836601448207,0
6436,0,0.009891513453864973,0
2892,0,0.19851061381872906,0
2005,1,0.11162489691400584,0
5470,0,0.03352792790812676,0
1127,0,0.10513126736039155,0
5181,0,0.013959228118139096,0
4408,0,0.009255541338286736,0
1070,1,0.5136980142820583,1
4984,0,0.08337266151769164,0
5886,0,0.004478811509370982,0
3155,0,0.022633921896134078,0
2915,0,0.015972006286,0
809,1,0.7317062805517848,1
5623,0,0.1780615393465369,0
4725,1,0.3190676492104893,0
6748,1,0.7782302817798015,1
6945,1,0.02875002604265128,0
6951,0,0.007499200817561465,0
1509,1,0.6222073795105015,1
4423,0,0.1765728493445575,0
1088,1,0.6064849563996211,1
6098,0,0.12186771686339777,0
3844,1,0.10434072852509717,0
7036,0,0.28830292141147623,0
5902,0,0.24040930401816346,0
5828,0,0.001451686241552796,0
3320,0,0.29691495876721447,0
3818,0,0.08718872456145578,0
2580,0,0.5654691559557004,1
4600,0,0.061275082997637016,0
2798,1,0.7119460152881928,1
1851,1,0.6359693159857934,1
5725,0,0.026007553751730916,0
4008,0,0.0957282249819775,0
3751,0,0.3197010622640003,0
3291,0,0.17727866035315054,0
6537,1,0.10185923817555938,0
2961,0,0.30771828064652756,0
1123,0,0.09538827955200002,0
4113,0,0.029546690705554813,0
2319,0,0.5435245792078774,1
5975,1,0.6711067523291628,1
4473,0,0.5422144965705943,1
768,0,0.4128630315939532,0
4151,0,0.21013975913649044,0
2711,1,0.2345393250894665,0
6075,0,0.132037074849603,0
3437,0,0.05716321238480309,0
311,0,0.6003016423519579,1
2424,1,0.09628338386132941,0
1237,0,0.06003901070892973,0
3398,0,0.1096539136367039,0
6230,0,0.1612028209203624,0
5515,0,0.017226565760424386,0
4165,0,0.6229612175707474,1
1578,1,0.3528054304923184,0
5512,0,0.28264220320289357,0
6346,1,0.37749843014795886,0
5168,1,0.6898635230735638,1
6657,0,0.010866280840564273,0
51,1,0.555902292359211,1
2064,0,0.021061213212935206,0
800,0,0.03938163547321764,0
14,0,0.6373170771130322,1
884,0,0.046873392575127744,0
6108,0,0.253465673442305,0
4666,0,0.0983685460630457,0
6383,0,0.04811276109611198,0
5449,0,0.0346245468119201,0
949,0,0.00804859919960142,0
1549,1,0.3959561343907403,0
1693,0,0.048200428436084304,0
4185,0,0.26704781838843356,0
1648,0,0.2863487063910893,0
2691,0,0.27228472069674525,0
1288,0,0.0025433552276903394,0
2792,0,0.2649492638249403,0
658,1,0.07968915567658838,0
5842,0,0.436100712768326,0
4947,1,0.6062713081072874,1
6747,0,0.03775932836112881,0
5615,1,0.2695834159385735,0
4810,1,0.6068670705855835,1
4664,1,0.5093538138336976,1
4856,1,0.49773495715908733,0
3744,0,0.18613659920517822,0
7,0,0.3289673475286566,0
5736,0,0.19813772283075026,0
5039,1,0.7682518601576294,1
3790,1,0.09012213756574883,0
2290,1,0.43619918889428727,0
183,0,0.0534468896082071,0
5587,0,0.20653880308251765,0
1037,0,0.43538638564074683,0
3251,1,0.49406267975617263,0
2701,0,0.004590029476446566,0
760,0,0.19883732632028975,0
6324,0,0.6236387621682996,1
5675,0,0.625327020159529,1
165,0,0.002079668946222882,0
2593,0,0.0021676358263194788,0
404,0,0.031113342005045105,0
5166,0,0.15731522310119236,0
6104,0,0.12869905189765082,0
3957,0,0.07125522940276893,0
4281,0,0.12371413293377702,0
6190,1,0.6540292153539113,1
832,0,0.014827120496706273,0
805,0,0.010558817942682059,0
5773,0,0.15357114685073447,0
1557,0,0.43220171261711254,0
6127,0,0.13007306666434718,0
6885,1,0.47476694447887374,0
2088,0,0.07058763774196516,0
5234,0,0.17844285969896662,0
4259,1,0.24983780258754873,0
683,0,0.26977723418396554,0
2472,0,0.009056709780554319,0
1162,0,0.03200753393302176,0
2139,0,0.4659696128608449,0
2968,0,0.6529532030859923,1
3798,0,0.5015309257255267,1
3769,0,0.07236822596227704,0
6973,0,0.26028819008454335,0
4475,0,0.24769368852698032,0
6574,0,0.7383598476621549,1
1277,0,0.001901152213344756,0
6207,1,0.35849251231090784,0
743,0,0.003918997969061096,0
2138,0,0.011625055794773685,0
5891,1,0.3642831989124763,0
4305,0,0.020015337314513326,0
2204,1,0.1860878904275011,0
2467,0,0.22982945850516223,0
3112,0,0.05584359344729933,0
6735,0,0.008952159416383594,0
1756,0,0.05561326101491134,0
2034,0,0.05309338763909038,0
541,0,0.3153843995013483,0
4629,0,0.1720539380793568,0
1254,0,0.05164468263963125,0
6786,1,0.20341931433805982,0
6946,0,0.07545228180701645,0
796,0,0.164582172607848,0
4028,0,0.05315314899800435,0
4210,0,0.04990281925948013,0
6423,0,0.0014080260655614375,0
2576,0,0.30471256440079003,0
2278,0,0.48187412831746596,0
453,1,0.47793726039222073,0
1887,1,0.5088425057753369,1
3554,0,0.6256048471810394,1
3293,0,0.4828556947370215,0
5804,0,0.0014392904496271382,0
2608,1,0.5331779714386597,1
1568,0,0.7636984608809466,1
2913,0,0.026125895912171716,0
2351,0,0.016119017156193457,0
1846,0,0.0445730156979212,0
1083,1,0.7386595025932443,1
6206,0,0.30826632944439714,0
626,0,0.49468811578288613,0
3647,0,0.7216501349754133,1
2810,0,0.13383917726959557,0
5716,0,0.4422132751247132,0
1033,0,0.002899608934997804,0
6889,0,0.6535909625511082,1
5316,0,0.2098239306776543,0
479,1,0.33764911286092786,0
344,0,0.018110365890275208,0
4264,0,0.5328582537544371,1
3109,0,0.006236465595469999,0
5355,0,0.4298711788110199,0
1381,0,0.5303698296901608,1
984,0,0.0014359951316081207,0
657,0,0.05123560247473415,0
350,0,0.027936609855143846,0
4486,0,0.16330766756239629,0
4038,0,0.002940241202680108,0
3638,1,0.3202681136225862,0
1697,0,0.00872442728868706,0
933,1,0.7614776860925102,1
4266,1,0.15405457029792063,0
621,0,0.17609344637930377,0
1706,0,0.052246522986301176,0
3837,1,0.5793710243992524,1
6964,0,0.08166999250282496,0
3988,0,0.06067810316089545,0
1881,0,0.30389928356237306,0
3874,0,0.40545259427291347,0
2329,0,0.14616305715795833,0
6725,0,0.04184229083665565,0
4422,0,0.2893267506094975,0
3117,0,0.18376508063031047,0
5194,1,0.5561202684349943,1
4402,1,0.20416330999582377,0
985,1,0.4353407712703369,0
4627,0,0.1882251703032415,0
101,0,0.2255494264229451,0
1388,0,0.2512041802076084,0
4114,0,0.003711409290912251,0
2118,0,0.529401713806902,1
1654,0,0.08284052912626043,0
6292,0,0.20438457865647777,0
3991,1,0.7340375651072926,1
4527,1,0.14261315843723563,0
6419,0,0.1984238292390283,0
2286,0,0.39867085143456155,0
3377,0,0.002220288823771964,0
6726,1,0.6700877137625235,1
4740,1,0.2679003574788762,0
6142,1,0.16529574738092578,0
6245,0,0.07306888713219117,0
680,1,0.6028210434543932,1
4670,0,0.07592034947977838,0
6174,1,0.6085344398554338,1
1351,0,0.22621448419817855,0
1844,0,0.02457610234047778,0
2704,0,0.02115770319029966,0
4478,0,0.4817497679275176,0
2509,0,0.0029503252050470012,0
4171,1,0.20557781551991253,0
4977,0,0.04175608084330896,0
1023,0,0.468893749981362,0
3541,0,0.09326883674544861,0
454,0,0.0031621478133426455,0
4648,0,0.7256634640078544,1
3050,1,0.6072488565308556,1
1519,1,0.6394232680339361,1
958,0,0.1868561234965092,0
4572,0,0.4021647875734901,0
315,0,0.11984765253912598,0
6796,1,0.2601972426202586,0
978,1,0.25498579280091915,0
2695,0,0.062440913917799115,0
791,0,0.0310473791930291,0
156,0,0.4786687680464469,0
6509,1,0.5850292335585391,1
260,1,0.6807879007602116,1
2516,1,0.7080600979021795,1
3007,1,0.5225485271750622,1
266,0,0.005204866343685098,0
1774,0,0.34933304271345567,0
882,1,0.6124723792113163,1
3565,1,0.5063987142733544,1
6270,0,0.010412931485715553,0
5585,1,0.2745479683559063,0
3787,0,0.3729676137914199,0
476,0,0.2695698897558583,0
6794,0,0.006948823677554097,0
6426,0,0.03557859127811636,0
3777,0,0.004276353006039578,0
6557,0,0.5569555040350641,1
2981,0,0.0022186001690893188,0
1329,0,0.0017148676140920963,0
1760,0,0.022155197867055984,0
3656,0,0.015789328368446466,0
6970,1,0.7149504582315732,1
5560,0,0.17269094750506625,0
1909,0,0.0644012223133831,0
1040,1,0.4977141062627808,0
6539,0,0.32869628600558976,0
5822,0,0.38097759631159833,0
5048,0,0.2816461985817985,0
6991,1,0.5088396839559557,1
1783,1,0.683704103897962,1
5078,0,0.09916394756494558,0
2154,0,0.012887781631392122,0
6073,0,0.0048663273968053864,0
5183,1,0.3733497909107146,0
1440,0,0.056850675878320274,0
6650,0,0.158657496855147,0
6838,1,0.6013814258980635,1
73,0,0.003631639796194278,0
524,1,0.5687841263611181,1
85,0,0.6118115034021325,1
4748,0,0.037452199282600636,0
5270,1,0.10345860133900515,0
1883,1,0.494895049868858,0
6674,0,0.1603539011597066,0
4166,0,0.028027680975863237,0
212,0,0.002269288826871012,0
5617,0,0.19146486818565084,0
1250,0,0.056669346524540545,0
4792,1,0.2477931741951251,0
2015,0,0.1023800508707104,0
1451,0,0.20794399171006653,0
3440,0,0.013674790219605416,0
487,0,0.01709338327688839,0
6623,1,0.7755552429142372,1
4065,1,0.19785840084523917,0
5369,0,0.04749404940678587,0
3087,1,0.7033859436434508,1
3910,1,0.48893251684955197,0
4633,0,0.0022264580183612914,0
447,0,0.005711813077271739,0
6157,1,0.1834781468564163,0
6679,0,0.012302177488402934,0
3727,1,0.7442953646308365,1
1214,1,0.5121782258849569,1
2927,0,0.7321089570556171,1
3956,1,0.7404158230938201,1
24,0,0.052628404866509666,0
5597,1,0.5503015741854799,1
4654,0,0.027890865734513284,0
1081,0,0.52333194051408,1
2421,0,0.06522109719458728,0
6159,0,0.07340357563663177,0
753,0,0.055137658176439265,0
4296,1,0.15169779085092355,0
900,0,0.18450346469844042,0
5422,0,0.00600857196563778,0
922,0,0.6325683080076632,1
3767,0,0.06891464650794434,0
6690,0,0.0879988014398825,0
671,0,0.003552806060453914,0
6111,0,0.2577146134465081,0
3368,0,0.2668027928761895,0
2797,1,0.7570284274629905,1
5100,1,0.6391345049449482,1
966,1,0.2184989325091231,0
5091,1,0.4665920450915399,0
715,0,0.3194369679328102,0
3672,1,0.04479331467583945,0
5499,1,0.6852916608256032,1
1696,1,0.737532504978511,1
531,0,0.0014315498706166964,0
2490,0,0.07048902911298587,0
458,0,0.19496675712629932,0
428,0,0.5025778963632197,1
2279,0,0.0034023328995591217,0
2377,0,0.12080048377423475,0
4508,0,0.06562716284708657,0
2983,0,0.00968566235591901,0
1829,0,0.6868367005057527,1
3375,0,0.0013839144649139183,0
4853,0,0.15148903944296568,0
3623,0,0.37761739563673963,0
5462,0,0.03588302910110119,0
4340,0,0.30025942155771396,0
4449,0,0.07917247041265972,0
1260,0,0.3921026396063215,0
6263,0,0.18859041905859333,0
154,0,0.13123768365002694,0
3514,0,0.10785851912094035,0
3864,1,0.5763787104840525,1
3036,0,0.038510705603633656,0
2820,0,0.009956902095816183,0
18,1,0.18455551540832235,0
783,1,0.4998499067097767,0
6593,1,0.13797039411671969,0
3992,0,0.011501843048312917,0
1062,0,0.10216757298298546,0
6355,0,0.04245750254730686,0
2663,0,0.17188031122355452,0
6363,0,0.6748359786463476,1
5718,1,0.5985450389629037,1
6185,0,0.2870108824319705,0
4513,1,0.010905166601926447,0
2709,0,0.345731817767294,0
3664,0,0.37416344730199486,0
6331,0,0.058456560782030376,0
2664,0,0.10003757558953144,0
3723,0,0.07911401976135148,0
4226,1,0.7254176772043516,1
5655,0,0.004154240134476473,0
868,1,0.12484925830695034,0
4722,0,0.03618571873479444,0
3069,0,0.19322713798364682,0
1802,0,0.09396062147682015,0
2687,0,0.4703221167278292,0
5700,0,0.5912135916644075,1
5218,0,0.16858116691193525,0
3693,0,0.05044919885466828,0
1154,0,0.007942202573184173,0
5571,0,0.07174830699858531,0
6875,0,0.0023207814906503455,0
6519,0,0.1444326733633094,0
113,1,0.5017957753527433,1
2506,0,0.0022891636827184823,0
2217,0,0.010799017276674375,0
2753,1,0.5675151548566162,1
1105,0,0.6899796143493335,1
376,0,0.4259677051808131,0
1401,1,0.6833233050735821,1
6344,1,0.37688129146877486,0
6852,0,0.10719803911969422,0
5635,0,0.22974007359475365,0
5877,1,0.1854498092451577,0
1245,0,0.662677140004406,1
6022,0,0.11924979003733746,0
5927,0,0.005135679838441241,0
5924,0,0.002107089863186634,0
4570,0,0.22090737081322034,0
1992,0,0.624034914794613,1
2499,0,0.0405134960915896,0
6628,0,0.43129669589708924,0
1446,0,0.4444129885387656,0
3836,0,0.017609176259500533,0
5610,1,0.7176882499738216,1
3031,1,0.36199188420952916,0
1143,0,0.18435877894064276,0
469,1,0.2509751088086234,0
4227,0,0.008654678351815964,0
3536,0,0.6469541714440662,1
6445,0,0.6466828640155774,1
3090,1,0.4067327637828102,0
3537,0,0.05985533381358152,0
6847,0,0.15549878095474207,0
6656,0,0.004736455630459558,0
2760,0,0.047770029768924215,0
3682,1,0.7311879906941545,1
4933,0,0.480532652395147,0
3312,0,0.19837071786178945,0
5003,1,0.6154989080932094,1
3448,1,0.2363561891453018,0
654,1,0.2403619456327263,0
2493,0,0.7228293454180782,1
4216,0,0.012577421682596554,0
5721,0,0.030246056831601698,0
2888,1,0.7167775402585046,1
3099,0,0.04877158452092733,0
2742,0,0.009105954489929484,0
4781,0,0.003988629622047822,0
7024,0,0.3116282311022896,0
2982,0,0.011522375648031503,0
3547,0,0.015333716067760671,0
4275,0,0.275169867916185,0
3803,1,0.09676945726036625,0
3287,1,0.41658412846686094,0
164,0,0.052156771877002545,0
2868,0,0.5683076433369273,1
1546,0,0.0028638380075375666,0
5943,1,0.7489474319403346,1
6393,0,0.465835789773518,0
4139,0,0.6300169873682474,1
6898,0,0.2957814712906601,0
6974,0,0.2513447124796734,0
5412,0,0.13760921542055557,0
5066,0,0.03229179619507036,0
936,0,0.10784987898244237,0
5119,0,0.6111254898252023,1
3906,1,0.6502780654183351,1
3394,0,0.11172838787784588,0
2650,0,0.5281487841691507,1
3763,1,0.7293336627943322,1
4733,0,0.6791993316517927,1
6339,1,0.3444875003390505,0
4390,0,0.2010244050916028,0
2919,0,0.023447087983674023,0
5592,0,0.028196848264380785,0
1738,0,0.10967345775734479,0
866,0,0.0178849668403197,0
700,0,0.01028977312304022,0
3905,1,0.39182287829985324,0
1289,0,0.021425383526198306,0
2568,0,0.02063354521314701,0
2783,0,0.47144258596376537,0
1775,0,0.13611077980745517,0
2729,1,0.7370606557859982,1
4061,0,0.19510676513630326,0
1586,0,0.05687939329227335,0
5551,0,0.1235821508492332,0
2333,0,0.043249179823937195,0
405,0,0.0025209112024327284,0
3067,1,0.7190205015978617,1
163,0,0.02493024502402143,0
3834,1,0.033302022873407756,0
3679,1,0.27548320865984816,0
3762,0,0.3655722216532111,0
6740,1,0.36041794618839856,0
2899,0,0.011111683899868361,0
6727,0,0.4786658208172613,0
4267,0,0.019027698223541282,0
3449,0,0.1305676511792299,0
6872,0,0.09547951526165635,0
3781,0,0.0285769253563973,0
2604,0,0.3675623397189836,0
1878,0,0.24343674393517645,0
2999,0,0.07888968166426824,0
6181,0,0.18008782305736173,0
3658,0,0.3175082688270135,0
4838,0,0.14147001708147527,0
1104,0,0.024169520281685425,0
5706,1,0.7319734219680093,1
2350,0,0.7158881157221988,1
5642,0,0.04232769036300293,0
2517,1,0.6791012986789926,1
4705,0,0.7098470104471509,1
38,1,0.5745257969349742,1
1975,0,0.019291240426970915,0
603,0,0.11920733578045359,0
2305,0,0.3900893711552447,0
6779,0,0.23548805141286394,0
4932,0,0.21640081218987123,0
849,0,0.008992376181458546,0
3720,0,0.07641804288110794,0
126,1,0.5838086446446409,1
4415,0,0.013423966360562055,0
4638,1,0.7256732809417054,1
3550,1,0.5652047176792927,1
3006,1,0.6851385531150319,1
3907,0,0.4268973060932941,0
4870,0,0.04192508034921026,0
3845,1,0.7151686307574648,1
262,0,0.3901716815950082,0
4871,0,0.035099823395384644,0
6902,0,0.05175616116312391,0
192,0,0.0015294188196784235,0
6220,0,0.08639269271763912,0
3306,0,0.6784250521324269,1
1798,0,0.023425692420715998,0
3371,1,0.1535699881858112,0
1517,0,0.23581821789271937,0
4438,0,0.006342815121888676,0
4912,1,0.5549615651494908,1
3242,0,0.03226793949158421,0
2993,0,0.08355610392085643,0
2168,1,0.6524208090843469,1
6637,0,0.020253101393568944,0
4078,1,0.11149221416493119,0
6655,0,0.0028997757153599747,0
3711,0,0.04106641400068954,0
3960,0,0.3822573510068149,0
904,0,0.008895439251156198,0
4898,1,0.49730538564746385,0
128,0,0.19785840084523917,0
3726,1,0.5388506356055954,1
4186,0,0.09269417694671156,0
5222,0,0.35004632822066983,0
3703,0,0.05720933770662378,0
5311,1,0.15853885024725084,0
4017,0,0.06730656700034895,0
6490,0,0.033275812966583336,0
2222,0,0.3645261537179338,0
5415,0,0.3325229170951195,0
2962,1,0.4563283177309814,0
5631,0,0.40997551753957007,0
6577,0,0.009414182582786788,0
6429,0,0.02334542767628293,0
3982,0,0.0015657902664163049,0
1893,0,0.341376284697089,0
5302,0,0.38226496066215276,0
383,1,0.6528618748476694,1
3227,0,0.2654691306744732,0
6137,1,0.2537540194089831,0
5105,1,0.26452283679255967,0
277,0,0.29693039113046865,0
3936,0,0.3498106244207416,0
5029,0,0.33740053611668913,0
2558,0,0.018166213257758485,0
6434,1,0.5060323100688822,1
2447,0,0.6939624263885121,1
4862,1,0.719157284080566,1
3401,0,0.005344351451000971,0
4355,0,0.35135369134581446,0
1768,0,0.016265892974933572,0
2508,0,0.07417873767012266,0
3955,0,0.3871070782189214,0
717,0,0.4091771966754206,0
3346,0,0.772315201013599,1
1171,1,0.19835242386020516,0
4630,0,0.17978942147829616,0
1703,0,0.5452561217788807,1
2457,0,0.23854230441188973,0
3350,1,0.3935745921698193,0
5149,0,0.0037662118952759794,0
2012,1,0.4508045593599508,0
265,0,0.013516760588538826,0
1206,0,0.7102830050342216,1
2763,0,0.15660774169753264,0
3822,0,0.5780225796721103,1
2550,0,0.002905296030390325,0
5122,0,0.10560272691829321,0
4521,0,0.16207014082493346,0
1834,1,0.439783837607871,0
3708,0,0.031066873742597957,0
1114,0,0.4501907092358085,0
3081,1,0.6263119307862611,1
5871,1,0.21740862950279197,0
5999,0,0.2317336908441083,0
3534,1,0.17557361936976898,0
4640,1,0.6876816021782869,1
5102,0,0.06145396859063189,0
7023,0,0.4120154184051901,0
4393,1,0.6117233487518554,1
6985,0,0.13116148479320963,0
5433,0,0.17359184194470945,0
6603,0,0.30684282525352674,0
5838,0,0.08835526823721622,0
2181,0,0.0515133307004112,0
1630,0,0.5991929600060207,1
4448,1,0.6218668373184152,1
5507,0,0.14507279313158006,0
5884,1,0.12378963701804171,0
7000,0,0.0072166091547611185,0
1861,1,0.29169652999985907,0
4100,0,0.007796041456602381,0
5379,0,0.21727336579599815,0
6107,0,0.1980445825280289,0
4603,0,0.42509762534818707,0
2816,0,0.1027666784034019,0
2894,1,0.04648232954018699,0
4750,0,0.2080419994857445,0
3162,0,0.20693185434447742,0
3088,0,0.01974833406004519,0
560,0,0.2655202467654694,0
701,0,0.3831788184073476,0
5789,0,0.014368799092296953,0
3064,0,0.5628039285950431,1
3649,0,0.0015678215410429232,0
5826,1,0.6467160669235689,1
1292,0,0.014010032455279235,0
2522,0,0.04568054353355178,0
6362,0,0.6324812069635682,1
2254,0,0.05673297835415053,0
3632,0,0.4671422773326614,0
6184,0,0.12221150431372263,0
4678,1,0.5962521129284023,1
4556,1,0.7215195714355772,1
4121,1,0.6426617700715849,1
3411,1,0.49370067053899347,0
2244,1,0.08476268357535391,0
5905,0,0.7491127650080485,1
2460,0,0.004183635787190018,0
7008,1,0.654398882973071,1
2221,0,0.005145706119118575,0
2978,0,0.5917322330786514,1
517,0,0.6481281917538533,1
4343,1,0.7230811548478471,1
6954,0,0.1637163713932908,0
1595,1,0.7682896325809175,1
2565,0,0.03403194025668207,0
1631,1,0.5800185421525983,1
2964,0,0.1703924314136949,0
6584,0,0.003666563090979404,0
2791,0,0.02212239093882327,0
6864,1,0.5473779856172026,1
3463,0,0.5041454925149751,1
6309,0,0.0019546999334705815,0
699,0,0.008465762750687998,0
4693,0,0.00363836421156548,0
5661,0,0.33280857557610116,0
3628,0,0.36245055776659035,0
5627,0,0.7391434933302223,1
6315,0,0.019976177346100847,0
5107,0,0.10325945985141209,0
3154,0,0.6578034532704824,1
6948,0,0.28205009748566984,0
2773,0,0.29439470414058655,0
4455,1,0.39410952370855984,0
6377,1,0.5610794421849565,1
6251,0,0.22534465318630043,0
384,0,0.11027700436838224,0
2672,0,0.03109941616854985,0
2805,0,0.009396730570131984,0
5465,0,0.10582953119265259,0
6023,0,0.005100749775545039,0
6322,1,0.7150065965896266,1
1782,0,0.34144607679736605,0
3742,0,0.5180583910020641,1
2341,0,0.052982597762239014,0
5524,0,0.012971158691245469,0
3197,1,0.10815872569618065,0
2880,0,0.5660235474737975,1
2172,0,0.27364243266273963,0
4039,0,0.7262806646033098,1
5049,1,0.2628058603444667,0
4132,1,0.48688985185688805,0
4669,0,0.004795614701063239,0
5173,0,0.3134797444253235,0
3706,0,0.4697854959724519,0
2789,0,0.46226713376672895,0
6965,0,0.281679368300628,0
2603,0,0.11029377726735032,0
5520,0,0.12026363013097331,0
4464,1,0.4506163884818882,0
861,0,0.02999917801012921,0
4307,1,0.5640381592537144,1
3814,0,0.017175930385385087,0
2381,0,0.06559263623711993,0
3899,0,0.5139130255379385,1
3392,0,0.020127748374066157,0
2819,0,0.3701563876378559,0
3896,0,0.014941816923886901,0
967,0,0.15020461773312027,0
1468,0,0.12323420519818452,0
1044,0,0.12736328879693232,0
4576,0,0.12893442348734166,0
1523,0,0.23805329321348043,0
3142,1,0.1979049339010778,0
6435,0,0.01769861942535534,0
4505,0,0.003007963116372613,0
2043,0,0.5533607620397086,1
4596,0,0.3351603589591333,0
4721,1,0.19832410236635384,0
1566,0,0.010872146802107362,0
4362,0,0.010705369091044211,0
2702,0,0.39062529094779574,0
250,0,0.23185660736018296,0
4824,0,0.12433431431681276,0
4506,0,0.010395745604671975,0
4234,0,0.050643370385728685,0
3678,0,0.28953947936824137,0
2759,0,0.19299507385008072,0
1366,1,0.6955014208011031,1
1345,0,0.16129152675604422,0
6175,0,0.3091152974055616,0
1956,0,0.052094691639524925,0
1441,0,0.16846421138828316,0
1467,0,0.13814423632286338,0
6967,1,0.6355057649821131,1
2440,0,0.06136395769541897,0
2210,0,0.059247548926088044,0
6115,0,0.04831083349817472,0
1333,0,0.06033081616967115,0
2451,1,0.2726076186639888,0
6384,0,0.06802719035561137,0
527,0,0.11166236742272359,0
5839,0,0.741874624703963,1
3743,1,0.3154453311962383,0
3441,0,0.06741504810959008,0
5819,0,0.059935560932939884,0
6763,0,0.02749546552025289,0
4144,0,0.45100800347021436,0
2949,0,0.033940219290647576,0
5344,0,0.010821737533885743,0
1346,1,0.6108327301909363,1
4543,0,0.012949842264756045,0
945,1,0.5113619705805601,1
6433,0,0.0024880633887251554,0
4162,0,0.010290823784245545,0
5728,1,0.567483769565222,1
821,0,0.03016224926900671,0
4849,0,0.15552936369279804,0
5860,1,0.5145434518231666,1
5778,0,0.18115497886263834,0
4466,1,0.724023992521998,1
6761,0,0.27524921355451626,0
1875,0,0.06777490818426588,0
49,0,0.008289051059102326,0
2237,0,0.13018788911765136,0
2435,0,0.23205076677976158,0
3482,0,0.23065197288141212,0
3928,0,0.5381360664375539,1
6804,0,0.5892911307160172,1
6701,0,0.18624141733207458,0
4877,0,0.07108707698945066,0
1187,0,0.04597059219946108,0
4823,1,0.5110879443956541,1
5406,0,0.06379433232232624,0
4403,0,0.10052528968953325,0
4512,0,0.01646440378215849,0
3202,0,0.5129924335195782,1
5812,1,0.6889395239764181,1
4382,0,0.30994707972092,0
1179,0,0.5204428963102502,1
6659,0,0.012615948072503103,0
746,0,0.06961667998746031,0
7041,1,0.6758010783503938,1
4300,0,0.03619022911852971,0
3380,1,0.7985782179859816,1
1151,0,0.2649300244787305,0
5019,0,0.7208690399318461,1
5177,1,0.5430097147971645,1
3579,0,0.3940590822011369,0
6369,0,0.12347380992203678,0
3419,0,0.04190788785361326,0
5219,0,0.19865058398545116,0
3934,0,0.16037380144406715,0
4386,1,0.008818101687353556,0
5581,1,0.09795825251126097,0
2282,1,0.23841817966202672,0
4327,0,0.583757588374808,1
4589,0,0.025501992110904124,0
3753,0,0.431424569170018,0
552,0,0.003106616733891452,0
5444,0,0.4070421552733688,0
1567,0,0.3295224919597996,0
2926,0,0.12237828731967919,0
4585,1,0.7782808750225051,1
2627,0,0.010663353612980082,0
1728,0,0.022969959462991872,0
4443,0,0.2902449478925648,0
1727,0,0.28276786486323624,0
6143,0,0.013334210712098882,0
618,0,0.235495022719395,0
2510,1,0.6483160882856882,1
2161,1,0.7256965726120841,1
3085,1,0.6704275512565075,1
3922,0,0.2370634639792937,0
6544,1,0.4418877033367275,0
4256,0,0.003415843124298623,0
4320,0,0.006545834715728717,0
5057,0,0.6844492231630981,1
216,0,0.006512818014661301,0
3228,0,0.22732714847404442,0
267,0,0.6125322551937822,1
64,1,0.6092550933261931,1
449,0,0.03202423602638692,0
4845,0,0.07881511627987564,0
6585,0,0.011718620677079624,0
3201,0,0.030264784312067892,0
2796,0,0.2659733668115051,0
507,1,0.7578453268357673,1
5402,0,0.02667883412748383,0
2990,1,0.44401273559261945,0
968,0,0.008774863233690882,0
3047,1,0.3033689196628189,0
6894,1,0.8005519588556974,1
2776,1,0.5582630017371512,1
4308,0,0.427819034164027,0
4815,1,0.17314293715649065,0
1688,0,0.007738323246153151,0
5745,0,0.0038257269461366853,0
4373,0,0.027493749843007384,0
6680,1,0.07514538727263012,0
650,1,0.6107250532343634,1
2731,0,0.19614953296351004,0
4847,1,0.49286526181615053,0
6081,0,0.38307473012526183,0
2086,1,0.47390975272165176,0
5179,1,0.5147009734156783,1
6879,0,0.611684924556083,1
4665,0,0.006895836505247771,0
2505,0,0.026686920047232086,0
5364,1,0.5238246439411791,1
6182,0,0.00923060916663478,0
284,1,0.39961139417168245,0
6718,1,0.5280504721704377,1
1383,1,0.38619204678407365,0
5430,1,0.34378562403023144,0
4087,0,0.19570890327770107,0
213,0,0.03387017919768698,0
1389,1,0.5853306480765312,1
6365,1,0.7763040136623836,1
5268,0,0.010412853509926405,0
4015,0,0.04672290943696934,0
2293,0,0.011195810279609834,0
1699,0,0.02414830399876332,0
249,0,0.3173307640850363,0
6416,0,0.01676977125831406,0
5533,0,0.5679550898242766,1
6284,0,0.6190599119752068,1
4651,1,0.5452323940263483,1
5681,0,0.06830036793817258,0
2631,1,0.7722079132061027,1
3024,0,0.11717685772689804,0
175,0,0.0757338567489628,0
1144,1,0.6482592921538037,1
2785,0,0.1937078554731806,0
4737,0,0.07252271101234195,0
1458,1,0.27371924793256186,0
1420,0,0.37024579173885436,0
170,0,0.18254398755988513,0
5878,0,0.09357957323541331,0
2080,0,0.018871368538008023,0
779,1,0.3825816515192554,0
6356,0,0.5371051579640203,1
1073,1,0.6344235959318373,1
5694,0,0.07953198062822377,0
4579,0,0.5258339069105216,1
3305,0,0.45418661170555125,0
1398,0,0.5715303108804685,1
1305,0,0.19080363444005088,0
5212,0,0.00574830741888986,0
4667,0,0.08732463748745059,0
6447,0,0.03176762215992183,0
582,1,0.765570641312195,1
631,0,0.06796330298920321,0
1377,0,0.00796591176304169,0
1770,1,0.5988946252878459,1
3476,0,0.23547444421783517,0
6665,0,0.0772998786286049,0
2142,0,0.07244049261938412,0
1216,0,0.0030956610485669903,0
4982,1,0.176151856498921,0
5954,0,0.3768836587013487,0
2684,0,0.13360577203518037,0
2296,0,0.4399283009931984,0
2665,0,0.4031016186745897,0
6678,0,0.0159605342253567,0
1772,1,0.6435795089361522,1
2771,0,0.26459749944001637,0
3065,0,0.39588601794781386,0
3461,0,0.06147892251706356,0
954,0,0.6317553247838656,1
1001,1,0.5819354883310572,1
1607,1,0.6267733652286892,1
4674,0,0.05514915051672525,0
652,0,0.008079757592562726,0
3472,0,0.35638326267940246,0
6866,1,0.7604518226061884,1
2036,0,0.6952480537370437,1
1059,1,0.601397025057201,1
2954,1,0.48373501541201686,0
5044,0,0.6514802114819646,1
4743,0,0.011143327554005268,0
6595,0,0.025531351934457918,0
1284,0,0.0026297797830798306,0
4994,1,0.6503780779700963,1
5453,0,0.016496007121394443,0
4658,0,0.23413122391285338,0
4491,0,0.2599236948621803,0
139,1,0.6854628266239038,1
5103,0,0.21612983181894288,0
6466,0,0.4012924143500031,0
2651,1,0.6050263860655863,1
303,0,0.01052318423501792,0
2308,0,0.0983147267809491,0
4280,0,0.0030814435369387726,0
4934,0,0.09481279135630759,0
6101,0,0.05078633429269791,0
6132,0,0.08061285416843945,0
1296,0,0.42961591706293156,0
6906,0,0.01862769430886393,0
1750,0,0.07530920752145032,0
1583,0,0.2806609132895765,0
5806,1,0.2934915603790853,0
2423,0,0.046950525330906635,0
6345,0,0.42233449633967396,0
6043,1,0.5339532648268611,1
1207,0,0.28067290599746475,0
1739,1,0.7321089570556171,1
3508,0,0.07110948827469624,0
1664,1,0.24971786397961881,0
5854,0,0.26637899392112024,0
5756,0,0.003859894780451035,0
6088,1,0.5045404807732651,1
4148,0,0.055326207397360175,0
2464,1,0.733638100791832,1
324,0,0.020788688409175266,0
6530,0,0.028528743361513967,0
3512,0,0.013343233352376745,0
6485,0,0.17421808833904162,0
503,0,0.2170157405879745,0
1119,0,0.010330270488445582,0
5692,0,0.2072686294640065,0
1867,1,0.6352883968410601,1
5572,0,0.014059987511697142,0
2150,0,0.6061235454511468,1
1439,1,0.6361660171244351,1
4554,0,0.5689892067432366,1
5319,0,0.08244248662738382,0
1824,0,0.001366872128268523,0
6273,1,0.7569104064628086,1
2081,0,0.38257786469497196,0
3630,1,0.16811596784152458,0
554,1,0.3981786137104855,0
6160,0,0.10661260916670043,0
6977,0,0.20975787170590154,0
5000,0,0.3368009307334099,0
2234,0,0.03254890128218498,0
87,0,0.004251809381282963,0
1777,0,0.17496640799811142,0
674,1,0.23359474355987028,0
3885,0,0.7166732916396119,1
2156,1,0.6397710600444806,1
5691,0,0.08898618225248647,0
36,1,0.701248922299379,1
1731,1,0.7622558165950356,1
4301,0,0.0029106421566399013,0
325,0,0.3118080512718784,0
893,1,0.5204363428744624,1
6939,0,0.3318012850871346,0
1443,0,0.397207623539855,0
617,0,0.1535469649509843,0
5262,0,0.025141681263412066,0
2199,0,0.004055462156745277,0
5110,0,0.6806948817178702,1
1166,0,0.4635377865430467,0
2748,1,0.6313544623835822,1
3056,0,0.019790597768030386,0
2021,0,0.046301051017514805,0
5858,0,0.0062500493836826895,0
522,0,0.14964540229585385,0
6564,0,0.15893633242803193,0
979,0,0.05886750799859156,0
6,0,0.42924836294450547,0
4474,0,0.01807066570913922,0
2206,1,0.3210252803315761,0
2874,0,0.002329980454667451,0
3152,0,0.29767734760166625,0
6147,0,0.2030614285006467,0
6110,0,0.2619433284572269,0
3544,1,0.46510997952871824,0
2473,0,0.1314879720497164,0
1117,0,0.07161011938767073,0
2011,0,0.1117890950137284,0
6972,1,0.31691942622133307,0
2479,0,0.017899425111382317,0
1926,1,0.39484303571018464,0
3644,0,0.007117483291158372,0
2877,1,0.30448360217340703,0
6522,0,0.10615097005194002,0
2179,0,0.12040298877313306,0
4593,0,0.12674774129794478,0
852,0,0.19571503956751254,0
5628,1,0.6833478587134463,1
6097,0,0.0074353477328107835,0
4879,0,0.06991879098332099,0
807,0,0.06239020218113463,0
5787,1,0.48650494190871674,0
4925,0,0.16119517262460037,0
581,1,0.5380265571205217,1
1412,1,0.6544016652258979,1
1462,0,0.02133651664231376,0
4710,0,0.09517057445251519,0
1544,0,0.17515867763291393,0
1730,1,0.5197279916515359,1
5423,1,0.6592816340511485,1
4175,0,0.0052686740136229995,0
3966,0,0.05016710429874381,0
2772,0,0.00729916909646591,0
5881,0,0.1021451208699138,0
1815,0,0.0016486478239426047,0
5115,0,0.01922236979309549,0
4995,1,0.586640582976373,1
177,1,0.5278990238243372,1
4004,0,0.011365219178974123,0
959,0,0.46187785079292765,0
1115,0,0.02915320852937621,0
1573,0,0.22479902675060748,0
3525,1,0.47606576202267853,0
2227,0,0.013835041487244699,0
6454,0,0.30574857640103575,0
935,0,0.7630043602287592,1
4430,0,0.09626914064816611,0
4325,0,0.18675954458556238,0
3365,0,0.021214313471492476,0
4577,0,0.2465526051200204,0
1286,0,0.17053122235315857,0
595,1,0.3130531763453891,0
481,1,0.14828662660399747,0
74,0,0.3316462929453415,0
2099,0,0.31681008742468714,0
3940,0,0.32433430662249696,0
5662,1,0.7256578695668155,1
6300,0,0.002970091115117445,0
4692,0,0.4021543416306677,0
4784,0,0.2679787936634944,0
6783,0,0.05917694289227524,0
3454,0,0.2514049310985395,0
510,0,0.23672390742274305,0
6599,1,0.5855375368422866,1
610,1,0.4990085441468969,0
3850,0,0.029371458126084042,0
6827,0,0.0738087894483552,0
3702,1,0.6379352225143123,1
5536,1,0.4387674971477682,0
53,1,0.6283780921708783,1
4365,0,0.012696979617096711,0
4249,0,0.1585181739536116,0
1635,0,0.3212224977036836,0
2503,0,0.011497838011421109,0
3470,0,0.27582099497577117,0
1477,1,0.1962087659343763,0
1045,0,0.3196199403070932,0
3776,0,0.05950030492759921,0
3737,1,0.35634971982529307,0
6611,0,0.05919416808261462,0
6244,0,0.3432389174727044,0
3869,0,0.2633375839735806,0
337,0,0.030962395242867723,0
2900,1,0.7203910607201965,1
6412,0,0.04828677760764566,0
6399,0,0.2937531578907231,0
4223,0,0.6269574023283675,1
1733,0,0.19720780348243466,0
5077,0,0.029131489893557024,0
1421,1,0.6280628955023105,1
4765,0,0.030343830287062137,0
153,0,0.018485412227424725,0
4708,0,0.012942607337935149,0
3701,0,0.018718130161259606,0
5143,0,0.061547951818975245,0
4439,0,0.015828578850410602,0
3857,0,0.1657211984269853,0
4758,0,0.003460493228750581,0
5613,0,0.009505424784483196,0
